question,cypher_exact_match,cypher_relevancy_score,cypher_correctness_score,execution_accuracy,answer_relevancy_score,answer_correctness_score,generated_cypher,generated_answer,expected_cypher,expected_answer
List delayed ParcelPro shipments,False,1.0,0.3275652656831195,True,1.0,1.0,MATCH (s:Shipment) WHERE s.status = 'Delayed' AND s.courier = 'ParcelPro' RETURN s.tracking_number,[],MATCH (s:Shipment)-[:ASSIGNED_TO]->(c:Courier {name: 'ParcelPro'}) WHERE s.delivery_date > s.expected_delivery_date RETURN s.tracking_number,[]
Which courier handled shipment 4013?,False,1.0,0.856357396664744,False,1.0,0.8670054988148086,"MATCH (s:Shipment {tracking_number: ""4013""})-[:ASSIGNED_TO]->(courier:Courier) RETURN courier.name",[{'courier.name': 'FastShip'}],MATCH (s:Shipment {tracking_number: '4013'})-[:ASSIGNED_TO]->(c:Courier) RETURN c.name,[{'c.name': 'FastShip'}]
Find shipments delivered before their expected date,True,0.75,1.0,True,0.0,1.0,MATCH (s:Shipment) WHERE s.delivery_date < s.expected_delivery_date RETURN s.tracking_number,"[{'s.tracking_number': '1072'}, {'s.tracking_number': '9897'}, {'s.tracking_number': '4000'}, {'s.tracking_number': '4009'}, {'s.tracking_number': '4010'}, {'s.tracking_number': '4011'}, {'s.tracking_number': '4013'}, {'s.tracking_number': '4019'}]",MATCH (s:Shipment) WHERE s.delivery_date < s.expected_delivery_date RETURN s.tracking_number,"[{'s.tracking_number': '1072'}, {'s.tracking_number': '9897'}, {'s.tracking_number': '4000'}, {'s.tracking_number': '4009'}, {'s.tracking_number': '4010'}, {'s.tracking_number': '4011'}, {'s.tracking_number': '4013'}, {'s.tracking_number': '4019'}]"
Is shipment 4002 still in transit?,False,1.0,0.42885482826873655,False,1.0,0.7057783885388285,"MATCH (s:Shipment {tracking_number: ""4002""}) RETURN s.status",[{'s.status': 'In Transit'}],MATCH (s:Shipment {tracking_number: '4002'}) RETURN s.status = 'In Transit' AS in_transit,[{'in_transit': True}]
Show all shipments going to San Diego,False,1.0,0.5768727582856225,False,1.0,0.3839849175564069,"MATCH (s:Shipment)-[:DELIVERED_TO]->(l:Location {name: ""San Diego""}) RETURN s.tracking_number","[{'s.tracking_number': '4012'}, {'s.tracking_number': '4005'}, {'s.tracking_number': '4004'}]","MATCH (s:Shipment)-[:DELIVERED_TO]->(l:Location {name: 'San Diego'}) RETURN s.tracking_number, s.status","[{'s.tracking_number': '4012', 's.status': 'In Transit'}, {'s.tracking_number': '4005', 's.status': 'Pending Dispatch'}, {'s.tracking_number': '4004', 's.status': 'Pending Dispatch'}]"
Find shipments dispatched from Chicago but not yet delivered,False,1.0,0.9710842487055507,True,1.0,0.9932616189334682,"MATCH (s:Shipment)-[:DISPATCHED_FROM]->(l:Location {name: ""Chicago""}) WHERE s.status <> ""Delivered"" RETURN s.tracking_number","[{'s.tracking_number': '4001'}, {'s.tracking_number': '2595'}]",MATCH (s:Shipment)-[:DISPATCHED_FROM]->(:Location {name: 'Chicago'}) WHERE s.status <> 'Delivered' RETURN s.tracking_number,"[{'s.tracking_number': '4001'}, {'s.tracking_number': '2595'}]"
Find shipments with conflicting status and dates,False,0.6666666666666666,0.43932754102831917,False,1.0,0.10455234422518737,MATCH (s:Shipment) WHERE s.status = 'Delivered' AND s.expected_delivery_date > DATE() RETURN s.tracking_number,[],MATCH (s:Shipment) WHERE s.status = 'Delivered' AND s.delivery_date IS NULL RETURN s.tracking_number,"[{'s.tracking_number': '5678'}, {'s.tracking_number': '3141'}]"
List shipments that changed delivery location,False,1.0,0.31914415181850675,True,1.0,1.0,"MATCH (s:Shipment)-[r:DELIVERED_TO]->(l1:Location), (s)-[r2:DELIVERED_TO]->(l2:Location) WHERE r <> r2 RETURN s.tracking_number",[],MATCH (s:Shipment) WHERE s.delivery_location <> s.expected_delivery_location RETURN s.tracking_number,[]
Show all undelivered Phoenix-bound shipments,False,0.6666666666666666,0.9924141828335771,True,1.0,0.9765056079972491,"MATCH (s:Shipment)-[:DELIVERED_TO]->(l:Location {name: ""Phoenix""}) WHERE s.status <> ""Delivered"" RETURN s.tracking_number",[{'s.tracking_number': '4006'}],MATCH (s:Shipment)-[:DELIVERED_TO]->(l:Location {name: 'Phoenix'}) WHERE s.status <> 'Delivered' RETURN s.tracking_number,[{'s.tracking_number': '4006'}]
